id	province_id	name	centroid
LK-1	LK-1	Western	6.834819,80.066981
LK-2	LK-2	Central	7.324027,80.717818
LK-3	LK-3	Southern	6.221475,80.720572
LK-4	LK-4	Northern	9.127997,80.341623
LK-5	LK-5	Eastern	7.742536,81.407614
LK-6	LK-6	North Western	7.785639,80.110370
LK-7	LK-7	North Central	8.263303,80.678773
LK-8	LK-8	Uva	6.883100,81.217511
LK-9	LK-9	Sabaragamuwa	6.760592,80.491173
