id	province_id	name	centroid
LK-1	LK-1	Western	[6.834819418860153, 80.06698128643436]
LK-2	LK-2	Central	[7.324026647083187, 80.71781832520287]
LK-3	LK-3	Southern	[6.2214748382103595, 80.72057202143131]
LK-4	LK-4	Northern	[9.127997001385237, 80.34162286387014]
LK-5	LK-5	Eastern	[7.742535875052632, 81.40761387191013]
LK-6	LK-6	North Western	[7.785639031365662, 80.11037019143448]
LK-7	LK-7	North Central	[8.263303420540824, 80.67877303154701]
LK-8	LK-8	Uva	[6.883100354849226, 81.21751102613992]
LK-9	LK-9	Sabaragamuwa	[6.76059182791688, 80.49117313309674]
